Student id, % Result, Total Movements, Avg t to Answering, Avg t to Reviewg, Num Q Gussed, Num Q Uncertin, Num Q Ans Changed, % Q Answered, Avg Q Visits Before Final Ans, Num Skips,Avg t Correct Ans, Avg t Wrong Ans,Num W to R,Num R to W,Num W to W 
1,85.56,315, 00:00:48.6666667, 00:00:09.3333333,12,1,4,100,0.769230769,4, 00:00:50.7692308, 00:00:48.3116883,1,2,1
2,72.22,221, 00:00:42, 00:00:14.6666667,10,0,5,100,1.0625,10, 00:00:40.8000000, 00:00:42.4615385,3,0,2
3,82.22,250, 00:01:02.6666667, 00:00:26,9,1,5,100,0.833333333,15, 00:01:22.5000000, 00:00:58.3783784,2,1,2
4,75.56,134, 00:01:19.3333333, 00:00:06.6666667,4,6,4,100,0.740740741,16, 00:01:21.8181818, 00:01:18.5294118,2,0,2
5,73.33,167, 00:01:11.3333333, 00:00:18.6666667,5,4,6,100,1,24, 00:01:32.5000000, 00:01:03.6363636,5,0,1
6,70,388, 00:00:50.6666667, 00:00:46.6666667,18,5,11,100,1.0625,2, 00:01:13.3333333, 00:00:40.9523810,3,5,3
7,75.56,407, 00:01:11.3333333, 00:00:26,12,5,10,100,2.333333333,26, 00:02:21.8181818, 00:00:48.5294118,3,4,3
8,86.67,389, 00:01:12, 00:00:18.6666667,5,2,7,100,0.777777778,6, 00:01:40, 00:01:07.6923077,4,1,2
9,58.89,431, 00:01:09.3333333, 00:00:21.3333333,12,2,8,100,1.72,70, 00:01:21.0810811, 00:01:01.1320755,3,3,2
10,76.67,284, 00:01:04, 00:00:26,10,4,8,100,0.107692308,4, 00:01:17.1428571, 00:01:00,6,1,4
11,58.89,398, 00:01:09.3333333, 00:00:32,11,7,14,100,0.430769231,11, 00:01:37.2972973, 00:00:49.8113208,8,5,8
12,77.78,158, 00:01:17.3333333, 00:00:30.6666667,13,5,8,100,0.183333333,3, 00:02:30, 00:00:56.5714286,3,2,3
13,81.11,412, 00:00:34.6666667, 00:00:30.6666667,22,1,3,100,0.660714286,33, 00:00:56.4705882, 00:00:29.5890411,3,1,1
14,70,432, 00:01:00.6666667, 00:00:40,10,4,20,100,0.484848485,8, 00:01:04.4444444, 00:00:59.0476190,17,5,5
15,81.11,504, 00:00:42.6666667, 00:00:59.3333333,21,3,19,100,0.413793103,5, 00:01:10.5882353, 00:00:36.1643836,16,4,3
16,78.89,406, 00:00:30.6666667, 00:00:25.3333333,25,0,10,100,0.395348837,12, 00:00:47.3684211, 00:00:26.1971831,6,4,1
17,83.33,365, 00:00:52, 00:00:46.6666667,20,4,8,100,0.224489796,1, 00:01:32, 00:00:44,5,3,3
18,73.33,287, 00:00:42.6666667, 00:00:15.3333333,16,1,11,100,0.12244898,1, 00:00:55, 00:00:38.1818182,4,6,5
19,82.22,390, 00:00:41.3333333, 00:00:46,13,1,8,100,0.161290323,3, 00:00:48.7500000, 00:00:39.7297297,5,2,5
20,86.67,159, 00:01:11.3333333, 00:00:36.6666667,16,8,7,100,0.191489362,1, 00:01:25, 00:01:09.2307692,7,0,2
21,72.22,171, 00:01:20, 00:00:41.3333333,19,7,17,100,0.772727273,35, 00:01:12, 00:01:23.0769231,11,4,2
22,71.11,287, 00:00:52.6666667, 00:00:14.6666667,8,0,6,100,0.278688525,14, 00:01:09.2307692, 00:00:45.9375000,1,3,3
23,71.11,533, 00:00:33.3333333, 00:00:38,29,3,11,100,1.06,31, 00:00:53.0769231, 00:00:25.3125000,4,8,5
24,76.67,358, 00:00:48.6666667, 00:00:45.3333333,18,3,8,100,0.107142857,2, 00:01:05.7142857, 00:00:43.4782609,5,1,2
25,71.11,319, 00:00:38.6666667, 00:00:24,22,1,10,100,0.25,7, 00:01:04.6153846, 00:00:28.1250000,4,5,7
26,74.44,156, 00:01:22, 00:00:16,7,8,6,100,0.083333333,1, 00:01:13.0434783, 00:01:25.0746269,5,1,0
27,72.22,450, 00:00:33.3333333, 00:00:19.3333333,22,0,7,100,0.208333333,4, 00:00:48, 00:00:27.6923077,3,2,4
28,77.78,526, 00:01:01.3333333, 00:00:41.3333333,17,4,23,100,0.985074627,50, 00:01:48, 00:00:48,12,8,8
29,60,288, 00:00:54.6666667, 00:00:08,8,1,4,100,0.459016393,27, 00:01:15, 00:00:41.1111111,1,1,2
30,85.56,383, 00:00:30.6666667, 00:00:32,27,1,12,100,0.431372549,15, 00:00:50.7692308, 00:00:27.2727273,13,3,2
31,84.44,419, 00:00:48.6666667, 00:00:54,22,2,18,100,0.301886792,5, 00:01:38.5714286, 00:00:39.4736842,17,2,6
32,57.78,336, 00:01:08.6666667, 00:00:20.6666667,11,6,2,100,0.04,1, 00:01:14.2105263, 00:01:04.6153846,2,1,0
33,83.33,489, 00:00:52, 00:00:46.6666667,17,3,13,100,0.745762712,31, 00:01:40, 00:00:42.4000000,11,5,3
34,47.78,165, 00:01:26, 00:00:09.3333333,6,8,14,100,0.661538462,31, 00:01:45.9574468, 00:01:04.1860465,5,3,7
35,53.33,142, 00:01:02.6666667, 00:00:07.3333333,17,4,2,100,0.1,4, 00:01:32.8571429, 00:00:36.2500000,1,0,1
36,85.56,544, 00:00:40, 00:00:50.6666667,22,1,6,100,0.428571429,7, 00:00:50.7692308, 00:00:38.1818182,4,1,1
37,84.44,390, 00:00:40, 00:00:28,19,1,13,100,0.326923077,5, 00:01:08.5714286, 00:00:34.7368421,10,3,3
38,64.44,304, 00:01:04, 00:00:36,8,5,11,100,0.301587302,12, 00:01:26.2500000, 00:00:51.7241379,7,4,6
39,80,461, 00:00:32.6666667, 00:00:34.6666667,24,0,13,100,0.215909091,4, 00:00:50, 00:00:28.3333333,9,5,7
40,61.11,154, 00:00:50.6666667, 00:00:00,14,1,2,100,0,0, 00:00:48, 00:00:52.3636364,0,1,1
41,90,386, 00:00:44.6666667, 00:00:58,19,5,6,100,0.9375,44, 00:01:53.3333333, 00:00:37.0370370,9,1,0
42,78.89,370, 00:00:51.3333333, 00:00:42,13,3,10,100,0.057692308,2, 00:01:09.4736842, 00:00:46.4788732,5,3,3
43,78.89,597, 00:00:48, 00:00:44,17,2,13,100,0.886792453,28, 00:01:12.6315789, 00:00:41.4084507,11,6,2
44,65.56,447, 00:00:58.6666667, 00:00:37.3333333,12,5,16,100,0.464788732,14, 00:01:17.4193548, 00:00:48.8135593,11,5,7
45,88.89,406, 00:00:48, 00:00:46,22,4,6,100,0.303571429,15, 00:02:12, 00:00:37.5000000,4,1,1
46,65.56,162, 00:01:16, 00:00:44,12,7,15,100,0.355555556,5, 00:01:42.5806452, 00:01:02.0338983,9,2,9
47,82.22,137, 00:00:50.6666667, 00:00:18.6666667,22,3,8,100,0.348837209,6, 00:02:26.2500000, 00:00:30,2,3,4
48,85.56,367, 00:00:54, 00:00:36,12,5,6,100,0.0625,2, 00:01:18.4615385, 00:00:49.8701299,4,2,0
49,76.67,402, 00:01:00, 00:00:34.6666667,11,3,14,100,0.375,11, 00:01:11.4285714, 00:00:56.5217391,9,3,3
50,72.22,397, 00:01:06.6666667, 00:00:42.6666667,16,6,18,100,0.571428571,32, 00:01:50.4000000, 00:00:49.8461538,9,9,7
51,95.56,448, 00:00:31.3333333, 00:00:32,23,0,0,100,0.5,26, 00:01:00, 00:00:30,0,0,0
52,52.22,760, 00:01:11.3333333, 00:00:32,12,6,24,100,0.608108108,20, 00:01:22.3255814, 00:01:01.2765957,12,6,8
53,60,548, 00:01:01.3333333, 00:00:28.6666667,11,2,8,100,2.777777778,72, 00:01:15, 00:00:52.2222222,6,1,1
54,73.33,418, 00:00:47.3333333, 00:00:40,17,3,7,100,0.489795918,17, 00:01:05, 00:00:40.9090909,3,4,1
55,74.44,293, 00:00:44, 00:00:21.3333333,15,0,9,100,0.166666667,9, 00:01:02.6086957, 00:00:37.6119403,7,3,4
56,66.67,417, 00:01:01.3333333, 00:00:42,11,3,16,100,0.31147541,6, 00:01:38, 00:00:43,8,10,5
57,83.33,143, 00:01:02, 00:00:04,17,5,4,100,0.2,6, 00:01:20, 00:00:58.4000000,4,0,0
58,87.78,310, 00:00:47.3333333, 00:00:26,23,2,11,100,0.301886792,4, 00:02:05.4545455, 00:00:36.4556962,8,5,1
59,86.67,440, 00:00:45.3333333, 00:00:43.3333333,13,2,8,100,0.203389831,4, 00:00:55, 00:00:43.8461538,7,1,1
60,64.44,445, 00:00:58.6666667, 00:00:54.6666667,13,1,23,100,0.720588235,28, 00:01:18.7500000, 00:00:47.5862069,15,10,14
61,74.44,390, 00:00:44.6666667, 00:00:56,24,2,16,100,0.20754717,2, 00:01:00, 00:00:39.4029851,9,8,4
62,81.11,353, 00:01:08, 00:00:30,17,8,8,100,0.966101695,52, 00:02:14.1176471, 00:00:52.6027397,6,1,2
63,85.56,157, 00:01:14, 00:00:22,11,7,9,100,0.111111111,0, 00:03:00, 00:00:56.1038961,5,2,2
64,87.78,434, 00:00:57.3333333, 00:00:40,16,4,13,100,0.206349206,7, 00:01:21.8181818, 00:00:53.9240506,8,5,1
65,88.89,502, 00:00:43.3333333, 00:00:48.6666667,26,3,9,100,0.578947368,5, 00:00:48, 00:00:42.7500000,9,2,1
66,86.67,328, 00:00:34.6666667, 00:00:26,22,1,9,100,0.563636364,28, 00:00:50, 00:00:32.3076923,6,1,3
67,53.33,187, 00:01:25.3333333, 00:00:18.6666667,8,10,8,100,0.71641791,34, 00:01:44.2857143, 00:01:08.7500000,4,4,4
68,50,162, 00:01:24, 00:00:10,3,7,3,100,0.347826087,22, 00:01:44, 00:01:04,0,1,2
69,71.11,594, 00:00:40, 00:01:04,20,2,24,100,1.096153846,8, 00:01:04.6153846, 00:00:30,15,3,11
70,62.22,389, 00:01:08, 00:00:29.3333333,16,7,9,100,0.691358025,53, 00:01:21.1764706, 00:01:00,4,1,4
71,57.78,353, 00:00:56.6666667, 00:00:38,11,3,14,100,0.245614035,3, 00:00:55.2631579, 00:00:57.6923077,11,2,4
72,66.67,185, 00:01:07.3333333, 00:00:26,11,5,7,100,1.3,13, 00:01:24, 00:00:59,4,2,2
73,87.78,425, 00:00:46, 00:00:58,22,4,13,100,0.625,9, 00:02:00, 00:00:35.6962025,12,3,2
74,78.89,392, 00:00:52, 00:00:36.6666667,11,0,5,100,0.171875,9, 00:01:06.3157895, 00:00:48.1690141,3,2,1
75,66.67,287, 00:00:28, 00:00:22.6666667,22,0,18,100,0.333333333,14, 00:00:34, 00:00:25,14,5,4
76,77.78,367, 00:01:09.3333333, 00:00:40.6666667,11,4,24,100,0.409836066,11, 00:01:18, 00:01:06.8571429,21,5,6
77,85.56,479, 00:00:43.3333333, 00:00:56,20,1,10,100,0.340425532,6, 00:01:09.2307692, 00:00:38.9610390,9,2,3
78,84.44,569, 00:00:37.3333333, 00:00:57.3333333,30,3,11,100,0.974358974,19, 00:01:17.1428571, 00:00:30,7,5,2
79,81.11,518, 00:00:58.6666667, 00:00:49.3333333,15,4,14,100,0.457627119,5, 00:01:56.4705882, 00:00:45.2054795,14,3,7
80,85.56,142, 00:01:21.3333333, 00:00:46.6666667,23,5,7,100,0.155555556,1, 00:03:18.4615385, 00:01:01.5584416,5,3,0
81,85.56,382, 00:00:40.6666667, 00:00:43.3333333,19,1,9,100,0.14,2, 00:01:13.8461538, 00:00:35.0649351,5,2,3
82,72.22,417, 00:00:45.3333333, 00:00:29.3333333,15,0,2,100,0.166666667,6, 00:01:09.6000000, 00:00:36,0,1,1
83,80,433, 00:00:54, 00:00:38.6666667,15,2,8,100,0.673076923,25, 00:01:36.6666667, 00:00:43.3333333,3,2,3
84,83.33,349, 00:00:43.3333333, 00:00:13.3333333,11,0,4,100,0.090909091,4, 00:01:04, 00:00:39.2000000,2,1,1
85,81.11,399, 00:00:53.3333333, 00:00:37.3333333,8,3,9,100,0.491525424,24, 00:01:10.5882353, 00:00:49.3150685,5,4,0
86,64.44,391, 00:00:58, 00:00:40,14,3,11,100,0.333333333,7, 00:01:22.5000000, 00:00:44.4827586,9,4,6
87,90,468, 00:00:58.6666667, 00:00:37.3333333,22,4,6,100,0.948275862,51, 00:04:26.6666667, 00:00:35.5555556,2,1,3
88,88.89,358, 00:00:47.3333333, 00:00:24,15,2,7,100,0.245901639,6, 00:01:30, 00:00:42,3,3,2
89,65.56,722, 00:00:34.6666667, 00:01:04,24,0,20,100,0.78,6, 00:00:52.2580645, 00:00:25.4237288,15,10,5
90,68.89,332, 00:01:18.6666667, 00:00:10,7,4,3,100,0.040540541,3, 00:01:51.4285714, 00:01:03.8709677,1,2,1
91,84.44,505, 00:00:54, 00:00:40,25,6,6,100,0.895833333,37, 00:02:25.7142857, 00:00:37.1052632,3,2,3
92,72.22,384, 00:00:40, 00:00:31.3333333,18,1,13,100,0.213114754,2, 00:00:45.6000000, 00:00:37.8461538,11,2,2
93,91.11,433, 00:00:32.6666667, 00:00:44.6666667,26,2,13,100,0.418604651,6, 00:01:45, 00:00:25.6097561,10,3,3
94,77.78,363, 00:01:01.3333333, 00:00:26.6666667,9,5,5,100,0.707692308,43, 00:01:18, 00:00:56.5714286,2,2,1
95,84.44,652, 00:00:46.6666667, 00:00:42.6666667,14,0,5,100,0.287671233,3, 00:01:04.2857143, 00:00:43.4210526,5,1,3
96,83.33,394, 00:00:36.6666667, 00:00:28,21,1,12,100,0.388888889,16, 00:00:48, 00:00:34.4000000,9,1,2
97,80,333, 00:00:44, 00:00:22,13,2,8,100,0.037037037,0, 00:00:43.3333333, 00:00:44.1666667,6,1,1
98,88.89,513, 00:00:50.6666667, 00:00:43.3333333,22,2,8,100,1.185185185,49, 00:01:36, 00:00:45,5,1,2
99,88.89,400, 00:00:26.6666667, 00:00:35.3333333,30,0,8,100,0.056338028,1, 00:00:30, 00:00:26.2500000,7,1,0
100,86.67,263, 00:00:27.3333333, 00:00:20,27,0,5,100,0.0625,2, 00:00:35, 00:00:26.1538462,4,2,0
101,81.11,361, 00:00:54.6666667, 00:00:49.3333333,21,6,8,100,0.358490566,11, 00:01:14.1176471, 00:00:50.1369863,11,2,0
102,57.78,172, 00:01:23.3333333, 00:00:16.6666667,6,9,14,100,0.402985075,16, 00:01:45.7894737, 00:01:06.9230769,6,3,5
103,70,400, 00:00:58.6666667, 00:00:33.3333333,12,3,7,100,0.13559322,2, 00:01:15.5555556, 00:00:51.4285714,4,3,2
104,63.33,290, 00:00:46, 00:00:11.3333333,13,1,8,100,0.161764706,10, 00:00:43.6363636, 00:00:47.3684211,5,2,3
105,94.44,436, 00:00:52, 00:00:30,15,3,2,100,0.666666667,39, 00:02:24, 00:00:46.5882353,5,0,0
106,83.33,429, 00:00:52, 00:00:36.6666667,13,2,7,100,0.075471698,0, 00:01:32, 00:00:44,3,1,3
107,68.89,469, 00:01:14, 00:00:31.3333333,14,6,6,100,1.466666667,82, 00:02:02.1428571, 00:00:52.2580645,5,1,2
108,62.22,539, 00:01:10, 00:00:22.6666667,14,5,11,100,1.870967742,108, 00:01:33.5294118, 00:00:55.7142857,3,2,7
109,73.33,376, 00:00:44, 00:00:55.3333333,24,4,14,100,0.214285714,5, 00:01:12.5000000, 00:00:33.6363636,4,7,8
110,85.56,326, 00:01:00.6666667, 00:00:30,12,3,7,100,0.333333333,16, 00:01:50.7692308, 00:00:52.2077922,4,3,2
111,77.78,408, 00:00:46, 00:00:46.6666667,17,3,11,100,0.326923077,5, 00:01:06, 00:00:40.2857143,8,1,3
112,87.78,394, 00:00:46, 00:00:48,18,1,8,100,0.192307692,5, 00:01:38.1818182, 00:00:38.7341772,6,1,2
113,52.22,242, 00:00:48.6666667, 00:00:06,12,1,2,100,0,0, 00:00:53.0232558, 00:00:44.6808511,1,1,0
114,67.78,448, 00:00:48.6666667, 00:00:48,19,2,14,100,0.588235294,31, 00:01:00, 00:00:43.2786885,10,6,2
115,85.56,600, 00:00:30, 00:01:04.6666667,34,2,14,100,1.06122449,37, 00:00:55.3846154, 00:00:25.7142857,10,3,1
116,72.22,152, 00:01:19.3333333, 00:00:34,8,8,9,100,0.1875,0, 00:02:45.6000000, 00:00:46.1538462,5,5,3
117,82.22,527, 00:00:52.6666667, 00:01:07.3333333,26,7,13,100,0.68,11, 00:02:18.7500000, 00:00:34.0540541,11,10,7
118,65.56,377, 00:00:44, 00:00:25.3333333,16,0,7,100,0.5,23, 00:00:54.1935484, 00:00:38.6440678,5,5,1
119,73.33,376, 00:00:30, 00:00:30,27,1,13,100,0.12195122,1, 00:00:37.5000000, 00:00:27.2727273,7,5,3
120,86.67,369, 00:00:28, 00:00:38,29,1,7,100,0.355555556,4, 00:00:45, 00:00:25.3846154,10,3,1
121,72.22,372, 00:00:55.3333333, 00:00:32.6666667,11,0,7,100,0.079365079,3, 00:01:19.2000000, 00:00:46.1538462,5,1,1
122,68.89,372, 00:00:40.6666667, 00:00:35.3333333,18,1,13,100,0.170212766,2, 00:01:04.2857143, 00:00:30,8,5,7
123,84.44,503, 00:00:40.6666667, 00:00:51.3333333,18,2,12,100,0.164705882,2, 00:01:00, 00:00:37.1052632,13,3,3
124,81.11,539, 00:01:00.6666667, 00:00:36.6666667,16,4,5,100,0.807017544,35, 00:01:56.4705882, 00:00:47.6712329,4,2,2
125,88.89,470, 00:00:56, 00:00:33.3333333,14,3,5,100,0.846153846,32, 00:01:48, 00:00:49.5000000,4,0,1
126,66.67,645, 00:00:42, 00:00:41.3333333,21,5,27,100,0.627118644,5, 00:00:54, 00:00:36,20,10,15
127,82.22,616, 00:00:39.3333333, 00:00:53.3333333,18,0,9,100,0.557692308,4, 00:00:45, 00:00:38.1081081,9,2,0
128,84.44,590, 00:00:37.3333333, 00:00:59.3333333,21,2,8,100,0.428571429,1, 00:01:08.5714286, 00:00:31.5789474,5,5,1
129,76.67,397, 00:01:00, 00:00:31.3333333,19,7,12,100,0.454545455,20, 00:01:22.8571429, 00:00:53.0434783,8,4,2
130,74.44,415, 00:00:53.3333333, 00:00:47.3333333,19,3,11,100,0.454545455,5, 00:01:07.8260870, 00:00:48.3582090,9,4,3
131,85.56,521, 00:00:42.6666667, 00:01:10.6666667,29,6,21,100,0.612244898,2, 00:01:27.6923077, 00:00:35.0649351,21,6,5
132,78.89,503, 00:00:48, 00:00:50,17,2,19,100,0.333333333,3, 00:01:12.6315789, 00:00:41.4084507,10,7,5
133,83.33,543, 00:00:57.3333333, 00:00:46.6666667,18,6,14,100,1.015625,45, 00:01:56, 00:00:45.6000000,15,3,2
134,78.89,463, 00:00:41.3333333, 00:01:02.6666667,26,3,15,100,0.571428571,17, 00:01:00, 00:00:36.3380282,13,6,7
135,92.22,144, 00:01:08.6666667, 00:00:22,12,3,3,100,0.0625,1, 00:03:00, 00:00:59.2771084,2,1,1
136,75.56,309, 00:00:56.6666667, 00:00:42,11,4,16,100,0.292307692,18, 00:01:32.7272727, 00:00:45,12,2,7
137,84.44,421, 00:00:57.3333333, 00:00:43.3333333,15,4,14,100,0.210526316,1, 00:01:47.1428571, 00:00:48.1578947,11,4,5
138,88.89,468, 00:00:44.6666667, 00:00:43.3333333,16,0,2,100,0.136363636,9, 00:00:48, 00:00:44.2500000,2,0,0
139,61.11,604, 00:00:46.6666667, 00:00:57.3333333,21,5,15,100,0.964285714,9, 00:01:00, 00:00:38.1818182,11,4,5
140,78.89,412, 00:00:45.3333333, 00:00:50.6666667,22,2,8,100,0.26,5, 00:00:56.8421053, 00:00:42.2535211,9,4,3
141,88.89,429, 00:00:52.6666667, 00:00:46,17,4,8,100,0.185185185,8, 00:02:24, 00:00:41.2500000,6,2,0
142,78.89,461, 00:00:50.6666667, 00:00:48,20,2,17,100,0.326086957,2, 00:01:37.8947368, 00:00:38.0281690,11,5,7
143,87.78,460, 00:00:29.3333333, 00:01:08,35,2,10,100,0.625,3, 00:01:10.9090909, 00:00:23.5443038,11,3,0
144,80,489, 00:00:39.3333333, 00:00:54.6666667,22,4,11,100,0.744680851,16, 00:01:13.3333333, 00:00:30.8333333,6,5,1
145,73.33,311, 00:00:40.6666667, 00:00:18,23,3,12,100,0.15625,2, 00:01:12.5000000, 00:00:29.0909091,7,5,8
146,82.22,613, 00:00:36, 00:01:03.3333333,26,2,21,100,0.680851064,10, 00:00:45, 00:00:34.0540541,16,6,3
147,72.22,346, 00:01:14.6666667, 00:00:19.3333333,4,4,6,100,0.164383562,10, 00:01:40.8000000, 00:01:04.6153846,3,2,2
148,84.44,471, 00:00:41.3333333, 00:00:52.6666667,19,2,10,100,0.70212766,28, 00:01:12.8571429, 00:00:35.5263158,6,3,4
149,68.89,399, 00:00:58, 00:00:38.6666667,13,3,15,100,0.373134328,16, 00:01:10.7142857, 00:00:52.2580645,10,2,3
150,66.67,387, 00:01:14, 00:00:21.3333333,14,8,5,100,1.307692308,83, 00:01:58, 00:00:52,1,4,2
151,83.33,500, 00:00:53.3333333, 00:00:36.6666667,19,5,6,100,1.431372549,57, 00:01:48, 00:00:42.4000000,5,1,0
152,71.11,134, 00:01:11.3333333, 00:00:26.6666667,21,3,9,100,0.175,2, 00:02:09.2307692, 00:00:47.8125000,7,2,0
153,85.56,392, 00:00:45.3333333, 00:00:44.6666667,13,2,10,100,0.1875,2, 00:01:04.6153846, 00:00:42.0779221,8,0,2
154,64.44,397, 00:01:04.6666667, 00:00:39.3333333,13,3,14,100,0.515625,11, 00:01:18.7500000, 00:00:56.8965517,9,7,4
155,80,443, 00:00:35.3333333, 00:00:56,22,2,8,100,0.357142857,13, 00:00:46.6666667, 00:00:32.5000000,7,1,2
156,83.33,345, 00:00:47.3333333, 00:00:26.6666667,16,3,9,100,0.111111111,0, 00:01:24, 00:00:40,6,3,3
157,82.22,428, 00:00:48, 00:00:48.6666667,13,3,14,100,0.260869565,1, 00:01:22.5000000, 00:00:40.5405405,10,3,2
158,68.89,161, 00:01:22.6666667, 00:00:12.6666667,14,14,7,100,0.639344262,35, 00:01:53.5714286, 00:01:08.7096774,2,4,1
159,72.22,357, 00:00:44.6666667, 00:00:48,18,3,13,100,0.185185185,2, 00:00:43.2000000, 00:00:45.2307692,10,3,1
160,78.89,504, 00:00:42.6666667, 00:00:54,22,4,14,100,0.471698113,13, 00:01:00, 00:00:38.0281690,9,6,3
161,62.22,495, 00:01:04, 00:00:33.3333333,14,5,20,100,0.646153846,16, 00:01:26.4705882, 00:00:50.3571429,11,5,10
162,57.78,409, 00:01:06, 00:00:36.6666667,13,7,14,100,0.338235294,4, 00:01:14.2105263, 00:01:00,12,4,7
163,88.89,349, 00:00:57.3333333, 00:00:38.6666667,12,2,11,100,0.288135593,11, 00:00:36, 00:01:00,13,0,0
164,92.22,819, 00:00:46, 00:00:53.3333333,18,1,15,100,1.828125,55, 00:01:08.5714286, 00:00:44.0963855,20,4,2
165,74.44,402, 00:00:38, 00:00:30,19,3,12,100,0.413043478,1, 00:00:57.3913043, 00:00:31.3432836,8,2,4
166,71.11,310, 00:01:01.3333333, 00:00:30,6,3,8,100,0.055555556,2, 00:01:09.2307692, 00:00:58.1250000,8,2,1
167,84.44,441, 00:00:47.3333333, 00:00:50,16,3,4,100,0.5,16, 00:02:00, 00:00:33.9473684,3,1,5
168,78.89,441, 00:00:42.6666667, 00:00:46,19,1,10,100,0.243243243,5, 00:00:47.3684211, 00:00:41.4084507,6,4,2
169,84.44,455, 00:00:48.6666667, 00:00:50.6666667,16,3,12,100,0.219512195,7, 00:01:42.8571429, 00:00:38.6842105,11,4,2
170,81.11,401, 00:00:40.6666667, 00:00:49.3333333,18,1,8,100,0.137931034,6, 00:01:03.5294118, 00:00:35.3424658,6,1,1
171,70,628, 00:00:46.6666667, 00:00:58.6666667,21,3,19,100,1.174603175,37, 00:01:24.4444444, 00:00:30.4761905,8,9,5
172,73.33,423, 00:00:48.6666667, 00:00:48,20,4,8,100,0.339285714,13, 00:01:22.5000000, 00:00:36.3636364,9,3,1
173,77.78,451, 00:00:53.3333333, 00:00:43.3333333,21,3,11,100,0.692307692,22, 00:01:12, 00:00:48,8,2,4
174,78.89,387, 00:00:58.6666667, 00:00:53.3333333,21,7,18,100,0.480769231,5, 00:01:56.8421053, 00:00:43.0985915,13,7,4
175,87.78,405, 00:00:40.6666667, 00:00:49.3333333,18,1,8,100,0.403225806,22, 00:00:43.6363636, 00:00:40.2531646,8,1,0
176,72.22,153, 00:01:17.3333333, 00:00:08,9,9,4,100,0.105263158,3, 00:01:52.8000000, 00:01:03.6923077,1,3,2
177,90,369, 00:00:44.6666667, 00:00:50.6666667,15,1,11,100,0.482142857,16, 00:01:20, 00:00:40.7407407,7,5,2
178,87.78,319, 00:00:54.6666667, 00:00:30.6666667,11,0,3,100,0.096774194,6, 00:01:00, 00:00:53.9240506,3,0,0
179,66.67,386, 00:00:50.6666667, 00:00:40.6666667,17,3,14,100,0.157894737,0, 00:01:08, 00:00:42,3,5,7
180,82.22,525, 00:00:41.3333333, 00:00:52.6666667,24,3,11,100,0.255813953,1, 00:00:45, 00:00:40.5405405,8,4,1
181,80,402, 00:00:37.3333333, 00:00:20.6666667,21,0,13,100,0.452830189,16, 00:00:56.6666667, 00:00:32.5000000,7,4,4
182,72.22,160, 00:01:19.3333333, 00:00:46,17,8,14,100,0.226415094,1, 00:02:48, 00:00:45.2307692,5,5,5
183,77.78,453, 00:00:44.6666667, 00:00:50,22,3,6,100,0.244897959,4, 00:01:15, 00:00:36,5,3,2
184,82.22,337, 00:00:52, 00:00:32.6666667,10,2,6,100,0.114285714,6, 00:01:22.5000000, 00:00:45.4054054,6,3,0
185,64.44,368, 00:00:36, 00:00:22,22,1,11,100,0.491525424,14, 00:00:45, 00:00:31.0344828,7,3,3
186,86.67,571, 00:00:38.6666667, 00:00:55.3333333,23,1,11,100,0.591836735,13, 00:01:00, 00:00:35.3846154,11,2,0
187,88.89,459, 00:00:42.6666667, 00:00:56.6666667,20,2,4,100,0.513513514,4, 00:01:18, 00:00:38.2500000,5,2,0
188,56.67,474, 00:00:56, 00:00:38,13,2,12,100,0.318181818,4, 00:00:58.4615385, 00:00:54.1176471,7,2,7
189,74.44,332, 00:00:46, 00:00:19.3333333,17,0,3,100,0.666666667,38, 00:01:10.4347826, 00:00:37.6119403,1,1,1
190,76.67,359, 00:00:31.3333333, 00:00:20,21,0,11,100,0.191489362,2, 00:00:40, 00:00:28.6956522,7,2,4
191,81.11,425, 00:00:55.3333333, 00:00:50.6666667,16,3,17,100,0.344827586,6, 00:01:28.2352941, 00:00:47.6712329,13,2,3
192,87.78,560, 00:00:46.6666667, 00:00:58,21,3,14,100,0.359375,2, 00:01:38.1818182, 00:00:39.4936709,18,2,4
193,71.11,292, 00:01:16, 00:00:14,5,8,2,100,0.042253521,0, 00:01:20.7692308, 00:01:14.0625000,1,1,1
194,61.11,340, 00:01:20, 00:00:15.3333333,6,11,8,100,0.611111111,37, 00:01:41.1428571, 00:01:06.5454545,2,7,3
195,70,163, 00:01:14.6666667, 00:00:40,18,10,12,100,0.576923077,11, 00:02:06.6666667, 00:00:52.3809524,4,5,6
196,87.78,386, 00:00:46, 00:00:47.3333333,22,4,7,100,0.264150943,10, 00:01:21.8181818, 00:00:41.0126582,5,2,0
197,81.11,438, 00:00:40, 00:00:52.6666667,22,0,17,100,0.352941176,2, 00:01:17.6470588, 00:00:31.2328767,12,5,5
198,85.56,460, 00:01:01.3333333, 00:00:26.6666667,9,4,3,100,0.641791045,39, 00:01:46.1538462, 00:00:53.7662338,3,2,1
199,86.67,505, 00:00:50.6666667, 00:00:53.3333333,18,4,20,100,0.547169811,5, 00:01:25, 00:00:45.3846154,14,4,4
200,78.89,351, 00:00:51.3333333, 00:00:18.6666667,11,1,5,100,0.050847458,0, 00:01:28.4210526, 00:00:41.4084507,1,4,1
202,84.44,144, 00:01:17.3333333, 00:00:10,12,11,2,100,0.54,25, 00:02:12.8571429, 00:01:07.1052632,1,0,1
203,87.78,373, 00:00:53.3333333, 00:00:38.6666667,13,1,3,100,0.145454545,4, 00:01:54.5454545, 00:00:44.8101266,0,3,2
204,70,577, 00:00:50, 00:00:43.3333333,17,2,8,100,0.918032787,44, 00:01:06.6666667, 00:00:42.8571429,2,4,2
205,76.67,454, 00:00:49.3333333, 00:00:50,24,4,8,100,0.372093023,5, 00:01:57.1428571, 00:00:28.6956522,1,4,7
206,62.22,526, 00:00:58.6666667, 00:00:26,15,4,7,100,1.565217391,101, 00:01:05.2941176, 00:00:54.6428571,4,2,2
207,61.11,374, 00:00:36.6666667, 00:00:29.3333333,24,0,13,100,0.416666667,2, 00:00:54.8571429, 00:00:25.0909091,5,9,6
209,88.89,531, 00:00:28, 00:01:06.6666667,26,1,9,100,0.571428571,6, 00:00:36, 00:00:27,10,2,0
210,72.22,406, 00:00:48.6666667, 00:00:45.3333333,13,0,14,100,0.275862069,5, 00:01:02.4000000, 00:00:43.3846154,8,6,2
211,80,112, 00:00:48, 00:00:08,14,2,6,100,0.823529412,6, 00:01:20, 00:00:40,2,2,2
212,80,162, 00:00:58, 00:00:18.6666667,13,7,8,100,0.236363636,2, 00:01:53.3333333, 00:00:44.1666667,4,4,3
213,68.89,497, 00:00:58, 00:00:41.3333333,8,3,13,100,0.783333333,27, 00:01:23.5714286, 00:00:46.4516129,8,5,4
214,84.44,560, 00:00:39.3333333, 00:01:01.3333333,28,2,16,100,0.9,15, 00:01:08.5714286, 00:00:33.9473684,12,3,4
215,75.56,484, 00:01:02, 00:00:54.6666667,19,6,13,100,0.851851852,11, 00:02:16.3636364, 00:00:37.9411765,10,6,9
216,63.33,412, 00:00:37.3333333, 00:00:31.3333333,26,2,14,100,0.4,5, 00:00:49.0909091, 00:00:30.5263158,5,6,5
217,68.89,218, 00:01:08, 00:00:32,4,3,13,100,1.2,7, 00:01:25.7142857, 00:01:00,5,3,5
218,80,378, 00:00:54.6666667, 00:00:34.6666667,20,2,8,100,0.233333333,10, 00:01:30, 00:00:45.8333333,5,2,1
219,77.78,359, 00:00:44, 00:00:46.6666667,20,2,16,100,0.20754717,5, 00:00:57, 00:00:40.2857143,13,3,1
220,73.33,466, 00:01:20.6666667, 00:00:10,8,6,2,100,1.933333333,143, 00:01:42.5000000, 00:01:12.7272727,1,1,0
221,61.11,350, 00:00:43.3333333, 00:00:23.3333333,17,1,11,100,0.457627119,25, 00:00:48, 00:00:40.3636364,5,4,3
222,83.33,166, 00:01:21.3333333, 00:00:33.3333333,16,8,8,100,0.377358491,9, 00:02:04, 00:01:12.8000000,8,3,3
223,76.67,385, 00:00:44.6666667, 00:00:48.6666667,16,2,12,100,0.25,8, 00:01:02.8571429, 00:00:39.1304348,5,6,2
224,84.44,417, 00:00:44.6666667, 00:00:53.3333333,15,2,12,100,0.6,24, 00:01:08.5714286, 00:00:40.2631579,14,1,2
225,84.44,350, 00:00:31.3333333, 00:00:24.6666667,24,1,3,100,0.15,1, 00:01:00, 00:00:26.0526316,1,3,0
226,60,400, 00:01:14, 00:00:26,7,5,14,100,0.541666667,28, 00:01:41.6666667, 00:00:55.5555556,9,4,10
227,85.56,305, 00:00:56.6666667, 00:00:35.3333333,14,3,8,100,0.047619048,1, 00:01:23.0769231, 00:00:52.2077922,10,2,3
228,52.22,189, 00:01:08.6666667, 00:00:24.6666667,6,6,11,100,0.681818182,1, 00:01:15.3488372, 00:01:02.5531915,4,4,4
229,77.78,431, 00:00:43.3333333, 00:00:30.6666667,19,4,8,100,0.716981132,31, 00:00:54, 00:00:40.2857143,6,2,2
230,73.33,509, 00:00:47.3333333, 00:00:48.6666667,22,3,9,100,0.509433962,10, 00:01:12.5000000, 00:00:38.1818182,6,2,4
231,93.33,421, 00:00:34, 00:00:42,23,0,2,100,0.063829787,1, 00:01:40, 00:00:29.2857143,1,1,0
232,67.78,308, 00:00:45.3333333, 00:00:23.3333333,13,0,11,100,0.150943396,3, 00:00:49.6551724, 00:00:43.2786885,6,3,5
233,72.22,313, 00:00:58, 00:00:33.3333333,8,2,13,100,0.265625,16, 00:01:26.4000000, 00:00:47.0769231,10,3,4
234,50,548, 00:00:44.6666667, 00:00:36,25,1,18,100,2.103448276,70, 00:01:02.6666667, 00:00:26.6666667,7,8,16
235,78.89,291, 00:01:04.6666667, 00:00:28.6666667,10,2,8,100,0.13559322,4, 00:01:44.2105263, 00:00:54.0845070,5,3,4
236,81.11,354, 00:00:48, 00:00:41.3333333,17,1,9,100,0.083333333,4, 00:00:45.8823529, 00:00:48.4931507,6,4,0
237,76.67,257, 00:00:55.3333333, 00:00:06,10,1,2,100,0.112903226,6, 00:01:28.5714286, 00:00:45.2173913,0,1,1
238,62.22,411, 00:00:57.3333333, 00:00:51.3333333,15,4,23,98.88888889,0.631578947,23, 00:01:21.1764706, 00:00:42.8571429,13,8,10
239,65.56,360, 00:00:40, 00:00:30,20,2,21,100,0.301886792,4, 00:00:52.2580645, 00:00:33.5593220,10,6,7
240,82.22,274, 00:00:44, 00:00:13.3333333,18,1,5,100,0.186440678,11, 00:00:41.2500000, 00:00:44.5945946,1,3,2
241,78.89,257, 00:00:44.6666667, 00:00:14.6666667,13,1,7,100,0.053571429,2, 00:01:00, 00:00:40.5633803,3,1,3
242,62.22,473, 00:01:04.6666667, 00:00:31.3333333,11,3,14,100,0.207317073,3, 00:01:14.1176471, 00:00:58.9285714,6,6,7
243,84.44,503, 00:00:50.6666667, 00:00:59.3333333,18,5,10,100,0.321428571,8, 00:01:12.8571429, 00:00:46.5789474,10,0,2
244,77.78,99, 00:00:50, 00:00:00.6666667,10,1,1,100,0.5,3, 00:01:12, 00:00:43.7142857,0,1,0
245,57.78,521, 00:00:54.6666667, 00:00:49.3333333,15,5,21,100,0.803278689,25, 00:01:07.8947368, 00:00:45,12,3,13
246,54.44,355, 00:01:13.3333333, 00:00:18,8,5,7,100,0.493333333,31, 00:01:21.9512195, 00:01:06.1224490,2,1,5
247,87.78,718, 00:00:30, 00:01:05.3333333,30,0,10,100,0.790697674,10, 00:00:54.5454545, 00:00:26.5822785,10,1,5
248,78.89,265, 00:00:46, 00:00:21.3333333,15,0,18,100,0.064516129,4, 00:01:00, 00:00:42.2535211,14,1,4
249,60,492, 00:00:54.6666667, 00:00:43.3333333,20,4,14,100,0.905660377,25, 00:01:11.6666667, 00:00:43.3333333,7,5,6
250,63.33,355, 00:00:57.3333333, 00:00:44,19,3,16,100,0.396825397,10, 00:01:20, 00:00:44.2105263,9,7,5
251,80,334, 00:00:48.6666667, 00:00:17.3333333,15,2,12,100,0.206896552,4, 00:00:53.3333333, 00:00:47.5000000,8,4,1
252,80,157, 00:01:14.6666667, 00:00:22.6666667,10,6,6,100,0.214285714,3, 00:02:23.3333333, 00:00:57.5000000,1,4,4
253,84.44,407, 00:00:48, 00:00:50,16,0,15,100,0.431034483,6, 00:00:47.1428571, 00:00:48.1578947,13,3,3
254,72.22,439, 00:00:50, 00:00:46,16,1,14,100,0.457142857,25, 00:00:55.2000000, 00:00:48,11,3,3
255,78.89,378, 00:00:45.3333333, 00:00:20,13,1,7,100,0.163636364,5, 00:01:09.4736842, 00:00:38.8732394,4,3,1
256,75.56,439, 00:01:04, 00:00:32.6666667,9,4,11,100,0.566666667,27, 00:01:43.6363636, 00:00:51.1764706,6,4,1
257,71.11,369, 00:00:46, 00:00:25.3333333,20,1,11,100,0.612244898,24, 00:01:06.9230769, 00:00:37.5000000,7,2,3
258,72.22,355, 00:00:43.3333333, 00:00:22,16,4,6,100,0.703703704,34, 00:01:09.6000000, 00:00:33.2307692,5,3,2
259,75.56,586, 00:01:01.3333333, 00:00:38,13,6,8,100,1.169230769,59, 00:01:32.7272727, 00:00:51.1764706,8,0,1
260,67.78,346, 00:01:08.6666667, 00:00:27.3333333,13,4,7,100,0.094117647,6, 00:01:26.8965517, 00:01:00,5,4,2
261,80,382, 00:00:50, 00:00:40,16,2,11,100,0.192771084,9, 00:01:10, 00:00:45,4,5,2
262,74.44,159, 00:01:22.6666667, 00:00:22.6666667,9,8,10,100,0.111111111,1, 00:01:28.6956522, 00:01:20.5970149,8,1,4
263,80,168, 00:01:24.6666667, 00:00:09.3333333,2,4,7,100,0.088235294,2, 00:01:36.6666667, 00:01:21.6666667,5,2,1
264,63.33,324, 00:01:12.6666667, 00:00:23.3333333,10,5,10,100,0.149253731,3, 00:01:34.5454545, 00:01:00,8,2,1
265,86.67,484, 00:00:47.3333333, 00:00:52,16,2,9,100,0.267857143,11, 00:01:10, 00:00:43.8461538,9,2,3
266,77.78,380, 00:00:34, 00:00:34,24,1,8,100,0.411764706,21, 00:00:45, 00:00:30.8571429,6,1,1
267,83.33,434, 00:00:54, 00:00:38,13,1,11,100,0.603174603,24, 00:00:56, 00:00:53.6000000,7,2,2
268,77.78,283, 00:01:07.3333333, 00:00:24,12,6,6,100,0.084507042,4, 00:01:24, 00:01:02.5714286,4,2,1
269,74.44,307, 00:00:48, 00:00:42,11,2,5,100,0.049180328,2, 00:01:10.4347826, 00:00:40.2985075,4,1,0
270,77.78,347, 00:00:45.3333333, 00:00:20.6666667,13,2,5,100,0.178571429,5, 00:01:06, 00:00:39.4285714,5,0,0
271,68.89,459, 00:00:50.6666667, 00:00:42.6666667,14,0,19,100,0.241935484,8, 00:00:51.4285714, 00:00:50.3225806,11,6,7
272,70,215, 00:01:02, 00:00:25.3333333,10,5,4,100,0.764705882,9, 00:01:31.1111111, 00:00:49.5238095,1,0,3
273,86.67,413, 00:00:43.3333333, 00:00:52,15,1,11,100,0.096774194,0, 00:00:55, 00:00:41.5384615,8,2,2
274,81.11,405, 00:00:38.6666667, 00:00:58,24,3,9,100,0.215686275,7, 00:01:10.5882353, 00:00:31.2328767,6,2,5
275,75.56,153, 00:01:24.6666667, 00:00:12,6,11,5,100,0.271186441,13, 00:02:02.7272727, 00:01:12.3529412,2,2,1
276,86.67,273, 00:00:57.3333333, 00:00:14,12,2,7,100,0.131147541,5, 00:01:25, 00:00:53.0769231,4,2,1
277,68.89,363, 00:01:08.6666667, 00:00:20,12,5,12,100,0.261538462,10, 00:01:42.8571429, 00:00:53.2258065,6,3,6
278,81.11,428, 00:00:36.6666667, 00:00:56,23,2,14,100,0.23255814,3, 00:01:00, 00:00:31.2328767,8,2,5
279,90,580, 00:00:38, 00:01:06.6666667,28,4,10,100,0.833333333,9, 00:02:46.6666667, 00:00:23.7037037,5,5,4
280,67.78,334, 00:00:49.3333333, 00:00:25.3333333,14,3,10,100,0.220338983,4, 00:01:14.4827586, 00:00:37.3770492,6,4,7
281,73.33,323, 00:00:59.3333333, 00:00:40.6666667,15,4,17,100,0.518518519,6, 00:01:22.5000000, 00:00:50.9090909,8,6,6
282,83.33,385, 00:00:58, 00:00:56.6666667,21,4,24,100,0.578947368,15, 00:00:48, 00:01:00,21,5,3
283,75.56,360, 00:00:57.3333333, 00:00:40,8,4,13,100,0.147540984,3, 00:01:08.1818182, 00:00:53.8235294,10,3,3
284,88.89,391, 00:00:40.6666667, 00:00:26,15,0,6,100,0.245283019,8, 00:01:18, 00:00:36,2,3,2
285,78.89,307, 00:01:08.6666667, 00:00:22.6666667,11,5,6,100,0.214285714,12, 00:01:37.8947368, 00:01:00.8450704,8,1,1
286,80,154, 00:01:00.6666667, 00:00:08,12,1,5,100,0.113207547,3, 00:01:16.6666667, 00:00:56.6666667,5,0,2
287,72.22,163, 00:01:20.6666667, 00:00:14.6666667,7,8,7,100,0.396551724,17, 00:02:04.8000000, 00:01:03.6923077,2,2,4
288,68.89,516, 00:00:44.6666667, 00:00:50,18,4,13,100,0.472727273,14, 00:00:47.1428571, 00:00:43.5483871,8,4,3
289,83.33,394, 00:01:06, 00:00:22,11,5,5,100,0.371428571,24, 00:02:16, 00:00:52,3,1,1
290,66.67,386, 00:00:47.3333333, 00:00:44.6666667,18,3,16,100,0.107692308,5, 00:01:12, 00:00:35,15,3,1
291,76.67,337, 00:00:50.6666667, 00:00:46,10,1,17,100,0.090909091,2, 00:01:00, 00:00:47.8260870,14,3,2
292,76.67,410, 00:01:28.6666667, 00:00:25.3333333,0,5,11,100,0.414634146,21, 00:01:37.1428571, 00:01:26.0869565,10,6,2
293,61.11,338, 00:01:06.6666667, 00:00:20.6666667,11,5,2,100,0.268656716,14, 00:01:36, 00:00:48,1,0,2
294,71.11,451, 00:01:00, 00:00:44,18,4,17,100,1.076923077,33, 00:01:25.3846154, 00:00:49.6875000,9,4,6
295,77.78,338, 00:01:11.3333333, 00:00:14.6666667,7,5,3,100,0.738461538,47, 00:01:51, 00:01:00,3,0,0
296,80,243, 00:01:07.3333333, 00:00:21.3333333,4,3,8,100,0.947368421,6, 00:01:26.6666667, 00:01:02.5000000,5,2,1
297,82.22,148, 00:01:21.3333333, 00:00:39.3333333,14,9,10,100,0.518518519,18, 00:03:15, 00:00:56.7567568,5,5,0
298,74.44,451, 00:01:07.3333333, 00:00:36.6666667,14,7,19,100,1.409836066,81, 00:01:44.3478261, 00:00:54.6268657,11,7,5
299,83.33,310, 00:01:04.6666667, 00:00:24,2,1,9,100,0.209302326,18, 00:01:16, 00:01:02.4000000,8,0,3
300,76.67,298, 00:00:36, 00:00:28,23,0,10,100,0.215686275,4, 00:00:54.2857143, 00:00:30.4347826,8,4,3
301,76.67,430, 00:00:48, 00:00:50,19,5,16,100,0.406779661,9, 00:01:05.7142857, 00:00:42.6086957,11,4,4
302,68.89,417, 00:00:50.6666667, 00:00:40.6666667,13,4,13,100,0.274193548,3, 00:00:57.8571429, 00:00:47.4193548,6,4,4
303,74.44,357, 00:01:00.6666667, 00:00:48,16,5,16,100,0.2,10, 00:01:44.3478261, 00:00:45.6716418,12,6,5
304,73.33,177, 00:01:24, 00:00:04.6666667,5,6,8,100,0.144736842,6, 00:02:02.5000000, 00:01:10,2,4,4
305,77.78,366, 00:00:46, 00:00:56.6666667,23,4,15,100,0.603773585,21, 00:01:30, 00:00:33.4285714,12,5,3
306,67.78,168, 00:01:16.6666667, 00:00:01.3333333,2,6,1,100,0.131578947,10, 00:01:24.8275862, 00:01:12.7868852,1,0,0
307,87.78,357, 00:01:03.3333333, 00:00:38,14,4,12,100,0.226190476,10, 00:02:00, 00:00:55.4430380,11,0,2
308,64.44,323, 00:01:11.3333333, 00:00:16,6,3,6,100,0.134328358,4, 00:01:31.8750000, 00:01:00,2,1,3
309,76.67,373, 00:00:50, 00:00:51.3333333,15,3,14,100,0.444444444,4, 00:01:08.5714286, 00:00:44.3478261,10,5,3
310,75.56,399, 00:00:46, 00:00:36,18,1,16,100,0.114754098,5, 00:01:05.4545455, 00:00:39.7058824,13,4,4
311,68.89,387, 00:00:52, 00:00:39.3333333,18,2,12,100,0.166666667,7, 00:01:15, 00:00:41.6129032,10,2,1
312,85.56,169, 00:01:22, 00:00:30.6666667,11,9,10,100,0.203125,2, 00:04:00, 00:00:55.3246753,4,5,3
313,74.44,284, 00:00:39.3333333, 00:00:28.6666667,17,0,8,100,0.173076923,7, 00:01:00, 00:00:32.2388060,4,4,5
314,63.33,361, 00:00:40.6666667, 00:00:21.3333333,23,3,6,100,0.170212766,4, 00:00:56.3636364, 00:00:31.5789474,3,4,5
315,57.78,154, 00:01:22, 00:00:10.2439024,14,12,4,91.11111111,0.803571429,58, 00:01:49.7560976, 00:00:58.7755102,1,1,2
316,84.44,383, 00:00:39.3333333, 00:00:31.3333333,22,1,9,100,0.180327869,8, 00:01:04.2857143, 00:00:34.7368421,6,2,3
317,78.89,146, 00:00:56.6666667, 00:00:04.6666667,10,1,1,100,0.358490566,17, 00:01:28.4210526, 00:00:48.1690141,1,0,1
318,61.11,315, 00:00:52, 00:00:13.3333333,13,0,10,100,0.349206349,21, 00:01:01.7142857, 00:00:45.8181818,4,1,5
319,86.67,340, 00:00:59.3333333, 00:00:41.3333333,10,4,6,100,0.360655738,14, 00:02:00, 00:00:50,6,2,2
320,80,436, 00:00:48.6666667, 00:00:55.3333333,19,3,11,100,0.571428571,6, 00:01:40, 00:00:35.8333333,6,3,5
321,66.67,397, 00:00:51.3333333, 00:00:37.3333333,8,1,10,100,0.152542373,5, 00:01:00, 00:00:47,5,1,5
322,64.44,508, 00:01:00.6666667, 00:00:32.6666667,12,2,18,100,0.538461538,12, 00:01:09.3750000, 00:00:55.8620690,10,6,7
323,80,478, 00:00:46.6666667, 00:00:54,18,2,14,100,0.719512195,44, 00:00:46.6666667, 00:00:46.6666667,12,3,2
324,82.22,390, 00:00:58.6666667, 00:00:42.6666667,13,4,17,100,0.714285714,27, 00:01:41.2500000, 00:00:49.4594595,12,4,3
325,73.33,379, 00:01:02.6666667, 00:00:43.3333333,10,4,12,100,0.321428571,5, 00:01:35, 00:00:50.9090909,8,6,6
326,76.67,761, 00:00:41.3333333, 00:01:02.6666667,25,3,19,100,0.830188679,12, 00:01:00, 00:00:35.6521739,13,7,4
327,77.78,158, 00:00:57.3333333, 00:00:06,9,3,6,100,0.35483871,19, 00:01:00, 00:00:56.5714286,6,0,0
328,80,456, 00:00:55.3333333, 00:00:34.6666667,14,1,11,100,0.483333333,19, 00:01:33.3333333, 00:00:45.8333333,5,4,5
329,77.78,330, 00:00:52.6666667, 00:00:28,9,1,9,100,0.114942529,7, 00:01:18, 00:00:45.4285714,4,2,6
330,74.44,523, 00:00:40, 00:00:54.6666667,21,1,11,100,0.54,5, 00:00:54.7826087, 00:00:34.9253731,4,3,5
331,92.22,305, 00:01:01.3333333, 00:00:26,16,4,2,100,0.115942029,4, 00:01:42.8571429, 00:00:57.8313253,2,1,0
332,68.89,380, 00:00:46.6666667, 00:00:21.3333333,15,1,8,100,0.524590164,25, 00:01:00, 00:00:40.6451613,7,2,0
333,80,388, 00:00:40, 00:00:25.3333333,17,0,9,100,0.266666667,5, 00:00:53.3333333, 00:00:36.6666667,4,3,4
334,80,143, 00:00:54.6666667, 00:00:16,16,2,6,100,0.163265306,2, 00:01:46.6666667, 00:00:41.6666667,3,1,2
335,75.56,290, 00:00:40, 00:00:20.6666667,18,1,15,100,0.116666667,7, 00:00:49.0909091, 00:00:37.0588235,10,3,3
336,90,158, 00:01:24.6666667, 00:00:31.3333333,7,8,8,100,0.13559322,2, 00:03:13.3333333, 00:01:12.5925926,5,4,0
337,61.11,368, 00:00:59.3333333, 00:00:38.6666667,13,3,5,100,0.3,15, 00:01:08.5714286, 00:00:53.4545455,5,2,6
338,63.33,400, 00:01:12.6666667, 00:00:15.3333333,9,5,4,100,0.714285714,44, 00:01:36.3636364, 00:00:58.9473684,3,1,0
339,80,382, 00:01:15.3333333, 00:00:16.6666667,8,6,10,100,0.859375,47, 00:01:50, 00:01:06.6666667,8,2,0
340,68.89,327, 00:01:10, 00:00:28,4,5,12,100,0.25,7, 00:01:40.7142857, 00:00:56.1290323,6,8,3
341,86.67,337, 00:00:56.6666667, 00:00:40,12,3,10,100,0.140350877,0, 00:01:30, 00:00:51.5384615,7,2,1
342,83.33,546, 00:00:48, 00:01:05.3333333,22,5,21,100,1.375,21, 00:01:00, 00:00:45.6000000,20,5,7
343,77.78,353, 00:00:38, 00:00:19.3333333,17,1,3,100,0.183673469,8, 00:00:51, 00:00:34.2857143,2,1,0
344,72.22,390, 00:01:04.6666667, 00:00:26,11,3,12,100,0.125,0, 00:01:19.2000000, 00:00:59.0769231,6,2,4
345,78.89,166, 00:01:25.3333333, 00:00:12,6,4,8,100,0.196969697,7, 00:01:25.2631579, 00:01:25.3521127,7,1,1
346,67.78,414, 00:00:50.6666667, 00:00:43.3333333,14,2,10,100,0.375,13, 00:01:08.2758621, 00:00:42.2950820,4,4,4
347,82.22,383, 00:00:35.3333333, 00:00:33.3333333,22,0,14,100,0.104166667,4, 00:01:07.5000000, 00:00:28.3783784,10,4,2
348,68.89,383, 00:00:40.6666667, 00:00:24.6666667,15,0,12,100,0.36,12, 00:00:45, 00:00:38.7096774,5,3,5
349,77.78,424, 00:00:39.3333333, 00:00:51.3333333,23,1,16,100,0.254545455,1, 00:00:48, 00:00:36.8571429,12,5,3
350,78.89,292, 00:00:46.6666667, 00:00:53.3333333,25,5,7,100,0.063829787,2, 00:01:09.4736842, 00:00:40.5633803,7,4,3
351,70,380, 00:01:05.3333333, 00:00:47.3333333,13,5,26,100,0.323943662,12, 00:01:31.1111111, 00:00:54.2857143,19,11,7
352,47.78,579, 00:01:05.3333333, 00:00:27.3333333,15,4,14,100,1.958333333,114, 00:01:25.5319149, 00:00:43.2558140,8,2,5
353,76.67,449, 00:00:36.6666667, 00:00:58,17,1,11,100,0.245283019,10, 00:00:42.8571429, 00:00:34.7826087,10,2,2
354,64.44,427, 00:00:54, 00:00:44.6666667,16,3,16,100,0.360655738,9, 00:00:58.1250000, 00:00:51.7241379,8,5,6
355,76.67,423, 00:00:48, 00:00:48.6666667,18,2,12,100,0.483333333,17, 00:01:28.5714286, 00:00:35.6521739,9,6,2
356,78.89,546, 00:00:41.3333333, 00:01:02.6666667,21,3,16,100,0.442307692,3, 00:00:56.8421053, 00:00:37.1830986,14,5,5
357,82.22,410, 00:00:34, 00:00:37.3333333,21,1,12,100,0.422222222,10, 00:00:56.2500000, 00:00:29.1891892,7,2,4
358,58.89,419, 00:01:04.6666667, 00:00:35.3333333,12,3,25,100,0.416666667,13, 00:01:32.4324324, 00:00:45.2830189,12,5,14
359,70,303, 00:00:52.6666667, 00:00:42,14,2,13,100,0.052631579,1, 00:01:13.3333333, 00:00:43.8095238,9,1,4
360,62.22,150, 00:00:57.3333333, 00:00:04.6666667,12,3,7,100,0.090909091,1, 00:01:00, 00:00:55.7142857,5,0,2
361,85.56,336, 00:00:52.6666667, 00:00:44,17,3,11,100,0.146341463,6, 00:01:32.3076923, 00:00:45.9740260,10,1,2
362,68.89,615, 00:00:58, 00:00:49.3333333,16,4,17,100,1.012987013,37, 00:01:30, 00:00:43.5483871,12,7,6
363,86.67,130, 00:00:50, 00:00:17.3333333,17,4,9,100,0.28125,2, 00:01:50, 00:00:40.7692308,6,3,1
364,83.33,138, 00:00:56.6666667, 00:00:24.6666667,22,6,10,100,0.235294118,1, 00:01:52, 00:00:45.6000000,7,1,3
365,63.33,376, 00:00:38.6666667, 00:00:29.3333333,23,1,13,100,0.244897959,2, 00:01:00, 00:00:26.3157895,5,3,8
366,82.22,146, 00:00:58.6666667, 00:00:10,13,4,6,100,0.142857143,3, 00:02:18.7500000, 00:00:41.3513514,5,1,1
367,78.89,432, 00:01:04.6666667, 00:00:30,14,5,5,100,0.385542169,29, 00:02:15.7894737, 00:00:45.6338028,4,2,2
368,76.67,325, 00:01:04.6666667, 00:00:24,11,0,5,100,0.086419753,4, 00:01:42.8571429, 00:00:53.0434783,4,1,1
369,63.33,488, 00:01:03.3333333, 00:00:27.3333333,14,4,9,100,0.945205479,60, 00:01:21.8181818, 00:00:52.6315789,7,3,3
370,81.11,333, 00:00:36.6666667, 00:00:21.3333333,24,2,9,100,0.462962963,21, 00:01:17.6470588, 00:00:27.1232877,6,2,1
371,81.11,480, 00:00:46, 00:01:00,21,4,24,100,0.44,6, 00:01:49.4117647, 00:00:31.2328767,16,9,5
372,87.78,501, 00:00:32, 00:00:42,23,0,12,100,1,14, 00:01:05.4545455, 00:00:27.3417722,11,6,2
373,71.11,424, 00:01:00, 00:00:38,16,2,14,100,0.625,29, 00:01:20.7692308, 00:00:51.5625000,9,5,2
374,67.78,467, 00:01:01.3333333, 00:00:35.3333333,10,3,12,100,0.375,15, 00:01:20.6896552, 00:00:52.1311475,7,2,6
375,82.22,443, 00:00:52, 00:00:51.3333333,13,4,11,100,0.384615385,11, 00:01:15, 00:00:47.0270270,14,0,3
376,67.78,326, 00:01:14.6666667, 00:00:21.3333333,4,6,14,100,0.120481928,6, 00:01:16.5517241, 00:01:13.7704918,9,5,6
377,64.44,361, 00:00:44.6666667, 00:00:22,14,1,10,100,0.266666667,13, 00:00:58.1250000, 00:00:37.2413793,6,5,3
378,76.67,360, 00:00:38.6666667, 00:00:28.6666667,17,1,18,100,0.035087719,0, 00:00:42.8571429, 00:00:37.3913043,13,4,3
379,60,586, 00:00:54.6666667, 00:00:46.6666667,18,6,14,100,1.573770492,75, 00:01:05, 00:00:47.7777778,8,2,5
380,81.11,470, 00:00:52, 00:00:50,16,1,19,100,0.789473684,33, 00:01:38.8235294, 00:00:41.0958904,15,6,2
381,70,395, 00:00:53.3333333, 00:00:20.6666667,14,4,7,100,0.409836066,15, 00:01:02.2222222, 00:00:49.5238095,5,3,3
382,75.56,443, 00:00:55.3333333, 00:00:34.6666667,11,2,8,100,0.26984127,13, 00:01:21.8181818, 00:00:46.7647059,6,2,0
383,84.44,611, 00:00:50, 00:00:45.3333333,15,3,5,100,0.484375,19, 00:01:38.5714286, 00:00:41.0526316,4,2,1
384,76.67,367, 00:00:37.3333333, 00:00:27.3333333,23,1,13,100,0.086206897,2, 00:00:40, 00:00:36.5217391,11,6,2
385,57.78,643, 00:01:10, 00:00:22.6666667,11,7,9,100,2.185714286,144, 00:01:34.7368421, 00:00:51.9230769,4,6,3
386,58.89,416, 00:00:52, 00:00:50,16,3,15,100,0.466666667,10, 00:01:17.8378378, 00:00:33.9622642,9,7,13
387,71.11,352, 00:01:05.3333333, 00:00:26.6666667,13,4,6,100,0.032258065,0, 00:01:46.1538462, 00:00:48.7500000,4,1,1
388,82.22,493, 00:00:59.3333333, 00:00:48,15,7,11,100,0.692307692,19, 00:02:00, 00:00:46.2162162,8,6,4
389,78.89,313, 00:00:50, 00:00:40.4494382,17,2,5,98.88888889,0.271604938,22, 00:01:06.3157895, 00:00:45.6338028,6,1,0
390,75.56,367, 00:00:58, 00:00:52.6666667,16,7,15,100,0.254901961,1, 00:02:05.4545455, 00:00:36.1764706,7,6,8
391,67.78,161, 00:01:23.3333333, 00:00:06,2,5,4,100,0.060606061,2, 00:02:00, 00:01:05.9016393,0,2,3
392,83.33,421, 00:00:57.3333333, 00:00:36,18,1,9,100,0.384615385,10, 00:01:52, 00:00:46.4000000,8,2,2
393,73.33,270, 00:00:54, 00:00:14.6666667,13,1,10,100,0,0, 00:01:25, 00:00:42.7272727,6,1,4
394,52.22,400, 00:01:10.6666667, 00:00:22.6666667,5,7,6,100,0.415584416,23, 00:01:23.7209302, 00:00:58.7234043,2,4,5
395,81.11,509, 00:00:55.3333333, 00:00:42,16,3,11,100,1.153846154,25, 00:01:28.2352941, 00:00:47.6712329,7,4,1
396,80,694, 00:01:00.6666667, 00:00:38.6666667,15,5,19,100,1.142857143,48, 00:01:36.6666667, 00:00:51.6666667,12,5,2
397,76.67,300, 00:01:07.3333333, 00:00:25.3333333,9,2,6,100,0.171428571,7, 00:01:34.2857143, 00:00:59.1304348,4,1,3
398,85.56,226, 00:01:54, 00:00:47.3333333,5,15,11,100,0.125,0, 00:03:32.3076923, 00:01:37.4025974,7,6,3
399,67.78,350, 00:01:12.6666667, 00:00:14,6,1,3,100,0.041666667,3, 00:01:43.4482759, 00:00:58.0327869,1,1,1
400,68.89,757, 00:01:00, 00:00:52.6666667,19,6,23,100,1.95,63, 00:01:04.2857143, 00:00:58.0645161,15,7,7
401,80,158, 00:01:16, 00:00:18,6,5,2,100,0.25,13, 00:02:03.3333333, 00:01:04.1666667,2,0,1
402,82.22,155, 00:01:22.6666667, 00:00:22.6666667,8,5,3,100,0.072727273,0, 00:01:07.5000000, 00:01:25.9459459,5,0,0
403,83.33,392, 00:01:00.6666667, 00:00:38,15,3,9,100,0.388888889,13, 00:01:40, 00:00:52.8000000,7,4,2
404,56.67,175, 00:01:21.3333333, 00:00:14,6,9,14,100,0.462686567,23, 00:01:33.8461538, 00:01:11.7647059,3,2,9
405,73.33,307, 00:00:58.6666667, 00:00:38,7,2,23,100,0.191780822,10, 00:01:05, 00:00:56.3636364,12,5,7
406,57.78,422, 00:00:50.6666667, 00:00:49.3333333,21,5,15,100,0.371794872,14, 00:01:18.9473684, 00:00:30,5,6,6
407,65.56,300, 00:00:48.6666667, 00:00:15.3333333,8,0,10,100,0.285714286,14, 00:01:00, 00:00:42.7118644,7,2,4
408,55.56,377, 00:00:24.6666667, 00:00:23.3333333,33,0,15,100,0.522727273,7, 00:00:31.5000000, 00:00:19.2000000,5,8,9
409,81.11,434, 00:00:45.3333333, 00:01:18.6666667,23,1,17,100,0.269230769,7, 00:01:17.6470588, 00:00:37.8082192,14,6,8
410,72.22,325, 00:01:10, 00:00:28,5,3,16,100,0.333333333,19, 00:01:12, 00:01:09.2307692,11,7,0
411,77.78,331, 00:01:01.3333333, 00:00:31.3333333,10,0,5,100,0.072463768,4, 00:01:30, 00:00:53.1428571,3,1,3
412,85.56,372, 00:00:45.3333333, 00:00:30.6666667,19,3,12,100,0.234042553,0, 00:01:32.3076923, 00:00:37.4025974,7,5,3
413,45.56,336, 00:00:58, 00:00:39.3333333,9,4,30,100,0.203125,3, 00:01:00, 00:00:55.6097561,13,8,15
414,68.89,482, 00:00:59.3333333, 00:00:35.3333333,11,3,9,100,0.168674699,5, 00:01:30, 00:00:45.4838710,3,5,1
415,68.89,150, 00:00:51.3333333, 00:00:06,14,3,6,100,0.107142857,1, 00:01:00, 00:00:47.4193548,2,0,4
416,90,457, 00:00:48, 00:00:44,14,2,7,100,0.4,26, 00:01:06.6666667, 00:00:45.9259259,7,1,1
417,76.67,333, 00:00:46.6666667, 00:00:24,14,0,11,100,0.390625,17, 00:01:02.8571429, 00:00:41.7391304,7,4,4
418,56.67,370, 00:00:33.3333333, 00:00:20.6666667,19,0,10,100,0.1875,2, 00:00:43.0769231, 00:00:25.8823529,5,1,5
419,77.78,752, 00:00:58, 00:00:44,14,3,23,100,2.35483871,100, 00:01:42, 00:00:45.4285714,17,2,5
420,58.89,157, 00:01:10, 00:00:14,6,9,12,100,0.183333333,3, 00:01:17.8378378, 00:01:04.5283019,5,4,4
421,78.89,168, 00:01:14.6666667, 00:00:25.3333333,5,5,9,100,0.45,20, 00:01:34.7368421, 00:01:09.2957746,7,2,2
422,83.33,159, 00:01:21.3333333, 00:00:13.3333333,9,7,11,100,0.122807018,1, 00:02:00, 00:01:13.6000000,7,2,2
423,83.33,403, 00:00:44.6666667, 00:00:20.6666667,18,1,3,100,0.842105263,47, 00:01:28, 00:00:36,2,1,1
424,90,312, 00:00:58.6666667, 00:00:32,11,0,6,100,0.051948052,0, 00:01:00, 00:00:58.5185185,6,1,1
425,85.56,286, 00:00:30.6666667, 00:00:14.6666667,20,0,6,100,0.219512195,4, 00:00:55.3846154, 00:00:26.4935065,2,4,2
426,80,410, 00:00:38, 00:01:02,26,1,13,100,0.229166667,0, 00:00:46.6666667, 00:00:35.8333333,13,2,6
427,54.44,292, 00:00:46.6666667, 00:00:10.6666667,15,2,7,100,0.158730159,10, 00:00:48.2926829, 00:00:45.3061224,0,2,6
428,74.44,455, 00:00:54, 00:00:52.6666667,18,4,17,100,0.549019608,0, 00:01:18.2608696, 00:00:45.6716418,13,5,6
429,71.11,332, 00:00:53.3333333, 00:00:38,12,3,15,100,0.089285714,0, 00:01:13.8461538, 00:00:45,10,2,5
430,47.78,154, 00:00:51.3333333, 00:00:07.3333333,14,4,5,100,0.203389831,8, 00:00:49.7872340, 00:00:53.0232558,1,2,2
431,75.56,363, 00:00:32.6666667, 00:00:22.6666667,24,0,9,100,0.285714286,4, 00:00:35.4545455, 00:00:31.7647059,5,2,6
432,63.33,392, 00:00:55.3333333, 00:00:09.3333333,13,5,4,100,0.950819672,55, 00:01:09.0909091, 00:00:47.3684211,1,0,3
433,75.56,492, 00:00:44.6666667, 00:00:31.3333333,15,0,24,100,0.793103448,21, 00:00:43.6363636, 00:00:45,15,5,6
434,75.56,344, 00:00:46, 00:00:24.6666667,19,1,12,100,0.424242424,13, 00:01:16.3636364, 00:00:36.1764706,5,6,4
435,73.33,375, 00:00:34, 00:00:24.6666667,22,2,16,100,0.076923077,2, 00:00:27.5000000, 00:00:36.3636364,12,1,4
436,87.78,365, 00:00:22, 00:00:31.3333333,32,1,11,100,0.348837209,9, 00:00:32.7272727, 00:00:20.5063291,9,3,0
437,81.11,375, 00:00:37.3333333, 00:00:34,23,0,14,100,0.4,1, 00:00:56.4705882, 00:00:32.8767123,12,6,0
438,68.89,360, 00:01:07.3333333, 00:00:24.6666667,10,3,7,100,0.173913043,0, 00:01:30, 00:00:57.0967742,3,2,2
439,82.22,145, 00:01:17.3333333, 00:00:12,6,8,2,100,0.333333333,1, 00:01:37.5000000, 00:01:12.9729730,1,0,1
440,88.89,475, 00:00:38, 00:00:59.3333333,21,2,12,100,0.36,0, 00:00:48, 00:00:36.7500000,10,4,1
441,88.89,157, 00:01:01.3333333, 00:00:03.3333333,10,3,2,100,0.390625,24, 00:01:36, 00:00:57,1,1,0
442,60,571, 00:00:52, 00:00:49.3333333,17,3,21,100,0.841269841,36, 00:01:11.6666667, 00:00:38.8888889,11,7,8
443,81.11,318, 00:00:49.3333333, 00:00:11.3333333,13,0,0,100,0.316666667,19, 00:01:17.6470588, 00:00:42.7397260,0,0,0
444,85.56,321, 00:00:52.6666667, 00:00:42.6666667,15,3,8,100,0.051724138,1, 00:01:46.1538462, 00:00:43.6363636,7,2,1
445,74.44,366, 00:00:34, 00:00:20,19,0,9,100,0.153846154,5, 00:00:36.5217391, 00:00:33.1343284,8,4,2
446,82.22,251, 00:00:46.6666667, 00:00:08,10,0,2,100,0,0, 00:01:03.7500000, 00:00:42.9729730,1,0,1
447,73.33,392, 00:00:38, 00:00:24.6666667,17,1,22,100,0.384615385,14, 00:00:37.5000000, 00:00:38.1818182,13,8,6
448,67.78,309, 00:00:52.6666667, 00:00:38,11,0,10,100,0.133333333,7, 00:01:12.4137931, 00:00:43.2786885,7,1,3
449,90,581, 00:00:35.3333333, 00:00:58,22,2,9,100,0.3125,16, 00:00:53.3333333, 00:00:33.3333333,9,1,0
450,63.33,408, 00:01:03.3333333, 00:00:39.3333333,12,5,16,100,0.357142857,6, 00:01:25.4545455, 00:00:50.5263158,9,6,8
451,78.89,307, 00:01:06.6666667, 00:00:27.3333333,11,2,4,100,0.313432836,20, 00:01:15.7894737, 00:01:04.2253521,4,1,0
452,56.67,173, 00:01:23.3333333, 00:00:12,5,8,8,100,0.121621622,3, 00:01:47.6923077, 00:01:04.7058824,4,2,2
453,63.33,139, 00:00:38.6666667, 00:00:00,18,1,2,100,0.086956522,2, 00:00:41.8181818, 00:00:36.8421053,0,0,2
454,88.89,434, 00:00:40, 00:00:44,16,0,6,100,0.215686275,2, 00:00:48, 00:00:39,6,1,0
455,55.56,297, 00:00:33.3333333, 00:00:09.3333333,19,0,9,100,0.137254902,6, 00:00:43.5000000, 00:00:25.2000000,6,3,1
456,74.44,272, 00:00:56.6666667, 00:00:42.6666667,9,2,15,100,0.116666667,5, 00:01:20.8695652, 00:00:48.3582090,8,3,6
457,81.11,540, 00:00:47.3333333, 00:00:44,18,2,10,100,0.182926829,5, 00:01:10.5882353, 00:00:41.9178082,3,5,3
458,63.33,365, 00:00:38, 00:00:40.6666667,16,1,24,100,0.473684211,12, 00:00:45.4545455, 00:00:33.6842105,17,12,10
459,77.78,363, 00:00:36, 00:00:29.3333333,21,0,10,100,0.083333333,3, 00:00:51, 00:00:31.7142857,5,2,4
460,68.89,360, 00:00:41.3333333, 00:00:17.3333333,18,1,8,100,0.150943396,6, 00:00:57.8571429, 00:00:33.8709677,4,1,3
461,74.44,157, 00:00:48.6666667, 00:00:15.3333333,10,0,4,100,0.684210526,9, 00:01:07.8260870, 00:00:42.0895522,3,0,1
462,86.67,543, 00:00:54, 00:00:30,11,3,3,100,0.411764706,17, 00:01:25, 00:00:49.2307692,1,1,2
463,82.22,425, 00:00:51.3333333, 00:00:38.6666667,12,0,5,100,0.666666667,48, 00:01:18.7500000, 00:00:45.4054054,7,1,0
464,74.44,557, 00:00:41.3333333, 00:00:50.6666667,24,2,7,100,0.5,12, 00:01:18.2608696, 00:00:28.6567164,2,4,2
465,76.67,380, 00:01:00, 00:00:28,13,3,4,100,0.081967213,2, 00:01:37.1428571, 00:00:48.6956522,2,1,2
466,74.44,427, 00:00:30, 00:00:38,26,0,23,100,0.490909091,7, 00:00:44.3478261, 00:00:25.0746269,13,8,4
467,78.89,147, 00:00:54, 00:00:04.6666667,12,3,5,100,0.245283019,8, 00:01:31.5789474, 00:00:43.9436620,1,3,2
468,75.56,396, 00:00:56.6666667, 00:00:37.3333333,12,1,6,100,0.186440678,6, 00:01:10.9090909, 00:00:52.0588235,4,2,1
469,78.89,461, 00:00:52, 00:00:51.3333333,20,5,10,100,0.461538462,6, 00:01:34.7368421, 00:00:40.5633803,9,4,4
470,76.67,328, 00:00:48.6666667, 00:00:48.6666667,17,2,14,100,0.192982456,3, 00:00:54.2857143, 00:00:46.9565217,8,1,8
